Suburb,Sale_Price,Bedrooms,Bathrooms,Parking,Property_Type,Floor_Area_m2,Sale_Date,Address,Source
Parramatta,660000,2,2,1,Apartment,NA,16 Jul 2026,"804/140 Church Street, Parramatta",realestate.com.au
Parramatta,660000,2,2,1,Apartment,115,16 Jul 2026,"102/2-4 Amos Street, Parramatta",realestate.com.au
Parramatta,3425000,12,6,6,Block of units,903.4,15 Jul 2026,"37A Sutherland Road, Parramatta",realestate.com.au
Parramatta,832000,2,2,1,Apartment,103,11 Jul 2026,"2940/180 George Street, Parramatta",realestate.com.au
Parramatta,760067,2,2,1,Apartment,NA,10 Jul 2026,"2207/45 Macquarie Street, Parramatta",realestate.com.au
Parramatta,680000,2,2,1,Apartment,NA,10 Jul 2026,"7203/1A Morton Street, Parramatta",realestate.com.au
Parramatta,850000,2,2,1,Villa,NA,07 Jul 2026,"6/50 Morton Street, Parramatta",realestate.com.au
Parramatta,565000,2,2,1,Apartment,NA,06 Jul 2026,"103/6 River Road West, Parramatta",realestate.com.au
Parramatta,550000,1,1,1,Apartment,NA,03 Jul 2026,"1003/330 Church Street, Parramatta",realestate.com.au
Parramatta,800000,3,2,2,Apartment,149,23 Jul 2026,"27/9-11 Cowper Street, Parramatta",realestate.com.au
Parramatta,880000,2,2,1,Apartment,NA,22 Jul 2026,"2436/180 George Street, Parramatta",realestate.com.au
Parramatta,615000,2,1,1,Apartment,NA,22 Jul 2026,"10/15-17 Queens Avenue, Parramatta",realestate.com.au
Parramatta,532000,2,1,2,Apartment,136,22 Jul 2026,"12/128 Macquarie Street, Parramatta",realestate.com.au
Parramatta,825000,3,2,1,Apartment,192,21 Jul 2026,"44/20-24 Sorrell Street, Parramatta",realestate.com.au
Parramatta,665000,3,2,1,Apartment,NA,21 Jul 2026,"42/21 Sorrell Street, Parramatta",realestate.com.au
Parramatta,350000,1,1,NA,Apartment,54,21 Jul 2026,"1/32 Hassall Street, Parramatta",realestate.com.au
Parramatta,580000,2,2,1,Apartment,NA,20 Jul 2026,"35/26-30 Hassall Street, Parramatta",realestate.com.au
Parramatta,530000,2,1,1,Unit,97,17 Jul 2026,"11/27-29 Early Street, Parramatta",realestate.com.au
Parramatta,432000,1,1,1,Unit,NA,03 Aug 2026,"412/31 Hassall Street, Parramatta",realestate.com.au
Parramatta,805000,3,2,2,Apartment,157,31 Jul 2026,"1/6 Sorrell St, Parramatta",realestate.com.au
Parramatta,695000,3,1,1,Apartment,NA,31 Jul 2026,"12/37 Fennell Street, Parramatta",realestate.com.au
Parramatta,626000,2,1,1,Apartment,NA,30 Jul 2026,"16/18 Thomas St, Parramatta",realestate.com.au
Parramatta,580000,2,1,1,Apartment,NA,30 Jul 2026,"4/13 Henry Street, Parramatta",realestate.com.au
Parramatta,555000,2,2,1,Apartment,NA,29 Jul 2026,"907/29 Hunter Street, Parramatta",realestate.com.au
Parramatta,625000,2,2,1,Apartment,NA,28 Jul 2026,"34/105-107 Church Street, Parramatta",realestate.com.au
Parramatta,740000,2,2,1,Apartment,NA,25 Jul 2026,"1330K/2 Morton Street, Parramatta",realestate.com.au
Parramatta,650000,2,1,1,Apartment,112,25 Jul 2026,"15/7-11 Elizabeth Street, Parramatta",realestate.com.au
Parramatta,500000,2,2,1,Apartment,NA,25 Jul 2026,"28/24 Campbell Street, Parramatta",realestate.com.au
Parramatta,657000,2,2,1,Unit,145,11 Aug 2026,"3/11 O'Reilly Street, Parramatta",realestate.com.au
Parramatta,635000,2,2,1,Apartment,127,07 Aug 2026,"1001/1A Morton Street, Parramatta",realestate.com.au
Parramatta,435000,1,1,1,Apartment,NA,07 Aug 2026,"5/13 Queens Avenue, Parramatta",realestate.com.au
Parramatta,400000,1,1,1,Unit,81,07 Aug 2026,"902/22 Charles Street, Parramatta",realestate.com.au
Parramatta,588000,2,1,1,Apartment,150,04 Aug 2026,"2/15-19 Early Street, Parramatta",realestate.com.au
Parramatta,497000,1,1,NA,Apartment,NA,03 Aug 2026,"214/354-366 Church Street, Parramatta",realestate.com.au
Parramatta,200000,1,1,NA,Studio,NA,23 Aug 2026,"230/1 Valentine Avenue, Parramatta",realestate.com.au
Parramatta,800000,2,2,1,Apartment,NA,21 Aug 2026,"1502/88 Church Street, Parramatta",realestate.com.au
Parramatta,600000,1,1,1,Apartment,72,21 Aug 2026,"219/88 Church Street, Parramatta",realestate.com.au
Parramatta,550000,2,2,1,Apartment,NA,21 Aug 2026,"401/8 River Road, Parramatta",realestate.com.au
Parramatta,640000,2,2,1,Apartment,122,13 Aug 2026,"53/20 Victoria Road, Parramatta",realestate.com.au
Parramatta,780000,2,1,1,Townhouse,251,12 Aug 2026,"2/1-7 Bobart Street, Parramatta",realestate.com.au
Parramatta,705000,2,2,1,Apartment,NA,04 Sep 2026,"1702/45 Macquarie Street, Parramatta",realestate.com.au
Parramatta,580000,2,2,1,Apartment,136,04 Sep 2026,"89/459-463 Church Street, Parramatta",realestate.com.au
Parramatta,546000,2,1,1,Unit,123,01 Sep 2026,"1/18 Early Street, Parramatta",realestate.com.au
Parramatta,490000,1,1,NA,Apartment,93,01 Sep 2026,"9/178 George Street, Parramatta",realestate.com.au
Parramatta,569000,2,1,1,Unit,104,31 Aug 2026,"3/23 Good Street, Parramatta",realestate.com.au
Parramatta,540000,2,2,1,Apartment,NA,30 Aug 2026,"401/6 River Road West, Parramatta",realestate.com.au
Parramatta,590000,2,2,1,Apartment,NA,28 Aug 2026,"11/32 Hassall Street, Parramatta",realestate.com.au
Parramatta,552000,2,2,1,Unit,NA,27 Aug 2026,"C26/88-98 Marsden Street, Parramatta",realestate.com.au
Parramatta,720000,3,2,1,Apartment,189,25 Aug 2026,"907/6-10 Charles Street, Parramatta",realestate.com.au
Parramatta,560000,1,1,1,Apartment,76,25 Aug 2026,"1417/32 Hunter Street (AKA 1417/45 Macquarie St), Parramatta",realestate.com.au
Liverpool,590000,2,2,1,Apartment,NA,16 Jul 2026,"4/12 George Street, Liverpool",realestate.com.au
Liverpool,1270000,4,1,3,House,652,14 Jul 2026,"19 Pearce Street, Liverpool",realestate.com.au
Liverpool,600000,2,2,1,Unit,NA,14 Jul 2026,"Unit 203, 311 Hume Highway, Liverpool",realestate.com.au
Liverpool,615000,2,2,1,Unit,NA,13 Jul 2026,"3006/420 Macquarie Street, Liverpool",realestate.com.au
Liverpool,525000,2,2,1,Unit,NA,09 Jul 2026,"10/4-6 Castlereagh Street, Liverpool",realestate.com.au
Liverpool,393000,2,1,1,Apartment,80.1,09 Jul 2026,"14/17-19 Speed Street, Liverpool",realestate.com.au
Liverpool,1083000,4,1,1,House,727,08 Jul 2026,"30 Danalam Street, Liverpool",realestate.com.au
Liverpool,738000,3,2,2,Apartment,NA,02 Jul 2026,"Unit 2903, 311 Hume Highway, Liverpool",realestate.com.au
Liverpool,550000,2,2,1,Unit,NA,24 Jul 2026,"504/21 Atkinson Street, Liverpool",realestate.com.au
Liverpool,515000,2,2,1,Apartment,NA,22 Jul 2026,"48/93-95 Campbell Street, Liverpool",realestate.com.au
Liverpool,550000,2,2,2,Unit,NA,21 Jul 2026,"7/74-76 Castlereagh Street, Liverpool",realestate.com.au
Liverpool,407000,2,1,1,Unit,NA,21 Jul 2026,"13/58 Copeland Street, Liverpool",realestate.com.au
Liverpool,380000,2,1,1,Unit,NA,21 Jul 2026,"28/42-44 Copeland Street, Liverpool",realestate.com.au
Liverpool,360000,1,1,1,Unit,NA,21 Jul 2026,"24/81 Memorial Avenue, Liverpool",realestate.com.au
Liverpool,350000,1,1,1,Unit,NA,20 Jul 2026,"19/2 Beale Street, Liverpool",realestate.com.au
Liverpool,460000,2,1,1,Apartment,NA,18 Jul 2026,"41/7-9 Atkinson Street, Liverpool",realestate.com.au
Liverpool,415000,2,1,1,Unit,NA,17 Jul 2026,"12/32 Nagle Street, Liverpool",realestate.com.au
Liverpool,460000,2,1,1,Apartment,NA,31 Jul 2026,"12/119-121 Castlereagh Street, Liverpool",realestate.com.au
Liverpool,415000,2,1,1,Unit,NA,31 Jul 2026,"15/13 Speed Street, Liverpool",realestate.com.au
Liverpool,340000,1,1,1,Apartment,NA,31 Jul 2026,"11/26 Goulburn Street, Liverpool",realestate.com.au
Liverpool,425000,1,1,1,Apartment,NA,29 Jul 2026,"31/32 Castlereagh Street, Liverpool",realestate.com.au
Liverpool,375000,2,1,1,Apartment,NA,29 Jul 2026,"26/42 Copeland Street, Liverpool",realestate.com.au
Liverpool,976000,3,1,2,House,450,25 Jul 2026,"9 Anastasio Road, Liverpool",realestate.com.au
Liverpool,600000,2,2,1,Apartment,98,24 Jul 2026,"1805/311 Hume Highway, Liverpool",realestate.com.au
Liverpool,625000,2,2,1,Apartment,NA,11 Aug 2026,"2508/311 Hume Highway, Liverpool",realestate.com.au
Liverpool,412000,2,1,1,Apartment,NA,11 Aug 2026,"1/58-60 Copeland Street, Liverpool",realestate.com.au
Liverpool,962000,4,3,1,Townhouse,241,10 Aug 2026,"1/10 Tobruk Avenue, Liverpool",realestate.com.au
Liverpool,480000,1,1,1,Unit,76,10 Aug 2026,"1610/32 Shepherd Street, Liverpool",realestate.com.au
Liverpool,420000,2,1,1,Apartment,77,10 Aug 2026,"8/22 Nagle Street, Liverpool",realestate.com.au
Liverpool,385000,2,1,1,Apartment,79,10 Aug 2026,"32/17-19 Speed Street, Liverpool",realestate.com.au
Liverpool,730000,3,2,1,Unit,NA,07 Aug 2026,"Unit 5/33-35 Bathurst Street, Liverpool",realestate.com.au
Liverpool,560000,2,2,1,Apartment,NA,06 Aug 2026,"G02/15 Bigge Street, Liverpool",realestate.com.au
Liverpool,505000,2,1,1,Apartment,NA,06 Aug 2026,"3/62 Castlereagh Street, Liverpool",realestate.com.au
Liverpool,410000,2,1,1,Unit,68,06 Aug 2026,"4/26 Speed Street, Liverpool",realestate.com.au
Liverpool,960000,3,1,1,House,557.4,03 Aug 2026,"45 Birkdale Crescent, Liverpool",realestate.com.au
Liverpool,748000,3,2,2,Apartment,NA,03 Aug 2026,"1903/311 Hume Highway, Liverpool",realestate.com.au
Liverpool,535000,1,1,1,Unit,NA,03 Aug 2026,"Unit 2802, 311 Hume Highway, Liverpool",realestate.com.au
Liverpool,539000,2,2,1,Apartment,NA,24 Aug 2026,"1303/30 Shepherd Street, Liverpool",realestate.com.au
Liverpool,385000,2,1,1,Apartment,NA,24 Aug 2026,"2/30 Speed Street, Liverpool",realestate.com.au
Liverpool,935000,3,1,1,House,171,22 Aug 2026,"8 Angelo Avenue, Liverpool",realestate.com.au
Liverpool,430000,2,1,1,Unit,NA,21 Aug 2026,"10/50 Castlereagh Street, Liverpool",realestate.com.au
Liverpool,570000,2,2,1,Unit,NA,19 Aug 2026,"66/387 Macquarie Street, Liverpool",realestate.com.au
Liverpool,431000,1,1,1,Apartment,NA,19 Aug 2026,"40/387 Macquarie Street, Liverpool",realestate.com.au
Liverpool,555000,2,2,1,Apartment,112,13 Aug 2026,"B601/17 Shepherd Street, Liverpool",realestate.com.au
Liverpool,450000,2,1,1,Apartment,102,13 Aug 2026,"20/8 Beale Street, Liverpool",realestate.com.au
Liverpool,610000,2,2,1,Unit,NA,12 Aug 2026,"805/311 Hume Highway, Liverpool",realestate.com.au
Liverpool,770000,3,1,1,Townhouse,178,03 Sep 2026,"3/1 Stanton Street, Liverpool",realestate.com.au
Liverpool,410000,1,1,1,Apartment,NA,28 Aug 2026,"42/87-91 Campbell Street, Liverpool",realestate.com.au
Liverpool,423000,2,1,1,Unit,NA,27 Aug 2026,"9/53 Goulburn Street, Liverpool",realestate.com.au
Liverpool,570000,2,2,1,Apartment,NA,25 Aug 2026,"503/311 Hume Highway, Liverpool",realestate.com.au
Canterbury,900000,2,1,1,Apartment,NA,11 Jul 2026,"37/10-12 Broughton Street, Canterbury",realestate.com.au
Canterbury,1305000,2,1,1,House,290.9,03 Jul 2026,"11 Ward Avenue, Canterbury",realestate.com.au
Canterbury,685000,2,2,1,Apartment,NA,25 Jul 2026,"14/231-235 Canterbury Road, Canterbury",realestate.com.au
Canterbury,714000,2,2,1,Apartment,NA,24 Jul 2026,"314/364 Canterbury Rd, Canterbury",realestate.com.au
Canterbury,715000,2,2,1,Unit,129,17 Aug 2026,"9/1 Cooks Avenue, Canterbury",realestate.com.au
Canterbury,745000,2,2,1,Apartment,NA,14 Aug 2026,"114/211 Canterbury Road, Canterbury",realestate.com.au
Canterbury,2220000,3,2,2,House,436.3,13 Aug 2026,"43 Howard Street, Canterbury",realestate.com.au
Canterbury,1700000,2,1,1,House,430,05 Sep 2026,"17 Onslow Street, Canterbury",realestate.com.au
Canterbury,880000,1,1,1,Apartment,NA,02 Sep 2026,"55/20 Close Street, Canterbury",realestate.com.au
Canterbury,1000000,2,1,1,Apartment,114,24 Aug 2026,"10/22-26 Phillips Avenue, Canterbury",realestate.com.au
Canterbury,720000,2,1,1,Unit,NA,24 Aug 2026,"8/13 Dibbs St, Canterbury",realestate.com.au
Canterbury,1110000,2,1,1,Apartment,NA,18 May 2026,"5/35-37 Jeffrey Street, Canterbury",realestate.com.au
Canterbury,510000,1,1,1,Apartment,NA,15 May 2026,"10/16 Northcote Street, Canterbury",realestate.com.au
Canterbury,2425000,5,3,2,House,NA,12 May 2026,"5b Cooks Avenue, Canterbury",realestate.com.au
Canterbury,2470000,4,3,4,House,363,09 May 2026,"20 Allen Street, Canterbury",realestate.com.au
Canterbury,795000,2,2,1,Apartment,121,08 May 2026,"817/2D Charles Street, Canterbury",realestate.com.au
Canterbury,826500,2,2,2,Apartment,NA,02 May 2026,"407/243 Canterbury Road, Canterbury",realestate.com.au
Canterbury,790000,2,2,1,Apartment,111,30 Apr 2026,"23/4 Charles Street, Canterbury",realestate.com.au
Canterbury,2700000,3,2,2,House,682.9,29 Apr 2026,"4 Mons Street, Canterbury",realestate.com.au
Canterbury,1805000,4,2,3,House,481,29 Apr 2026,"20 Page Street, Canterbury",realestate.com.au
Canterbury,750000,2,2,1,Apartment,NA,29 Apr 2026,"6/1 Cooks Avenue, Canterbury",realestate.com.au
Canterbury,730000,2,2,2,Apartment,114,29 Apr 2026,"412/364 Canterbury Road (Access via Onslow St), Canterbury",realestate.com.au
Canterbury,510000,1,1,1,Apartment,81,29 Apr 2026,"204/364 Canterbury Road, Canterbury",realestate.com.au
Canterbury,1185000,2,1,1,Townhouse,175,24 Apr 2026,"5/68 Church Street, Canterbury",realestate.com.au
Canterbury,728000,2,2,1,Apartment,112,24 Apr 2026,"29/4 Charles Street, Canterbury",realestate.com.au
Canterbury,725000,2,2,1,Apartment,NA,23 Apr 2026,"25/231-235 Canterbury Road, Canterbury",realestate.com.au
Canterbury,610000,2,1,1,Unit,NA,23 Apr 2026,"2/17 Wonga Street, Canterbury",realestate.com.au
Canterbury,955000,2,2,1,Apartment,122,22 Apr 2026,"82/20 Close Street, Canterbury",realestate.com.au
Canterbury,1325000,3,2,2,Apartment,219,20 Apr 2026,"79/20 Close Street, Canterbury",realestate.com.au
Canterbury,800000,2,2,1,Apartment,112,20 Apr 2026,"527/2E Charles Street, Canterbury",realestate.com.au
Canterbury,2050000,3,1,2,House,562.8,15 Apr 2026,"27 Howard Street, Canterbury",realestate.com.au
Canterbury,1590000,2,2,NA,House,215,15 Apr 2026,"48 Church Street, Canterbury",realestate.com.au
Canterbury,780000,2,2,1,Apartment,NA,15 Apr 2026,"223/2E Charles Street, Canterbury",realestate.com.au
Canterbury,770000,2,2,1,Apartment,NA,15 Apr 2026,"402B/1-3 Charles Street, Canterbury",realestate.com.au
Canterbury,1160000,2,1,1,Apartment,NA,09 Apr 2026,"4/30-36 Minter Street, Canterbury",realestate.com.au
Canterbury,1630000,3,1,2,House,461,28 Mar 2026,"21 Page Street, Canterbury",realestate.com.au
Canterbury,620000,2,2,1,Apartment,NA,24 Jun 2026,"102/396 Canterbury Road, Canterbury",realestate.com.au
Canterbury,590000,2,2,1,Apartment,NA,11 Jun 2026,"709/314 Canterbury Road (Access via Canton St), Canterbury",realestate.com.au
Canterbury,597000,2,1,1,Apartment,NA,10 Jun 2026,"2/4 Howard Street, Canterbury",realestate.com.au
Canterbury,580000,1,1,1,Apartment,84,10 Jun 2026,"913/2C Charles Street, Canterbury",realestate.com.au
Canterbury,1265000,2,2,2,Apartment,NA,04 Jun 2026,"7/11 Rome Street, Canterbury",realestate.com.au
Canterbury,680000,2,1,1,Apartment,NA,03 Jun 2026,"2/6 Kresser Grove, Canterbury",realestate.com.au
Canterbury,1845000,3,1,3,House,461.6,01 Jun 2026,"17 Page Street, Canterbury",realestate.com.au
Canterbury,870000,2,2,2,Apartment,138,29 May 2026,"C113/1 Charles Street, Canterbury",realestate.com.au
Canterbury,1787000,4,2,2,House,436.3,28 May 2026,"4 Glenore Road, Canterbury",realestate.com.au
Canterbury,630000,2,1,1,Apartment,NA,28 May 2026,"2/14 Northcote Street, Canterbury",realestate.com.au
Canterbury,763000,2,2,1,Apartment,NA,26 May 2026,"116/364 Canterbury Road, Canterbury",realestate.com.au
Canterbury,2363800,5,3,3,House,NA,23 May 2026,"13 Cooks Avenue, Canterbury",realestate.com.au
Canterbury,735000,2,2,1,Unit,117,23 May 2026,"623/2E Charles Street, Canterbury",realestate.com.au
Canterbury,821000,2,2,1,Apartment,NA,21 May 2026,"211/ 2A Cooks Avenue, Canterbury",realestate.com.au
